idx,post_id,subreddit,data_domain,title,author,score,comments,url,permalink,created_utc
1,t3_1r4l66h,tech,techspot.com,Brain-inspired chip is helping robots to see faster and in real time,AdSpecialist6598,224,23,https://www.techspot.com/news/111316-brain-inspired-chip-helping-robots-see-faster-real.html,https://old.reddit.com/r/tech/comments/1r4l66h/braininspired_chip_is_helping_robots_to_see/,1771077194
2,t3_1r3pd72,tech,techspot.com,"UCLA scientists modernize Edison's nickel-iron battery, use it to store solar power",AdSpecialist6598,962,29,https://www.techspot.com/news/111301-ucla-scientists-modernize-edison-nickel-iron-battery-use.html,https://old.reddit.com/r/tech/comments/1r3pd72/ucla_scientists_modernize_edisons_nickeliron/,1770989868
3,t3_1r2ugsz,tech,newatlas.com,Big blimp uses blades to pull wind power out of the sky,AdSpecialist6598,790,73,https://newatlas.com/energy/s2000-sawes-wind-power-aerostat/,https://old.reddit.com/r/tech/comments/1r2ugsz/big_blimp_uses_blades_to_pull_wind_power_out_of/,1770905556
4,t3_1r2k67c,tech,popularmechanics.com,Engineers Just Developed a Perfect Material for a Truly Unsinkable Ship,_Dark_Wing,398,54,https://www.popularmechanics.com/science/environment/a70178967/hydrophobic-metal-unsinkable-ship/,https://old.reddit.com/r/tech/comments/1r2k67c/engineers_just_developed_a_perfect_material_for_a/,1770871282
5,t3_1r1y4dy,tech,newatlas.com,Sugar molecules used to destroy antibiotic-resistant bacteria,AdSpecialist6598,1163,41,https://newatlas.com/biology/drug-resistant-bacteria-sugar/,https://old.reddit.com/r/tech/comments/1r1y4dy/sugar_molecules_used_to_destroy/,1770818388
6,t3_1r12llt,tech,news.mit.edu,A quick stretch switches this polymer’s capacity to transport heat,AdSpecialist6598,288,5,https://news.mit.edu/2026/quick-stretch-switches-polymers-capacity-transport-heat-0209,https://old.reddit.com/r/tech/comments/1r12llt/a_quick_stretch_switches_this_polymers_capacity/,1770734634
7,t3_1r05d9m,tech,techspot.com,"Harvard engineers 3D-print soft robots that bend, twist, grasp, and move on command",AdSpecialist6598,800,45,https://www.techspot.com/news/111242-harvard-engineers-3d-print-soft-robots-bend-twist.html,https://old.reddit.com/r/tech/comments/1r05d9m/harvard_engineers_3dprint_soft_robots_that_bend/,1770646681
8,t3_1qz9ri2,tech,techspot.com,3D-printed batteries aim to reshape energy storage in small devices,AdSpecialist6598,689,34,https://www.techspot.com/news/111230-3d-printed-batteries-aim-reshape-energy-storage-small.html,https://old.reddit.com/r/tech/comments/1qz9ri2/3dprinted_batteries_aim_to_reshape_energy_storage/,1770559528
9,t3_1qz3n1m,tech,sciencealert.com,Breakthrough: Scientists Created a 'Universal' Kidney To Match Any Blood Type,_Dark_Wing,340,14,https://www.sciencealert.com/breakthrough-scientists-created-a-universal-kidney-to-match-any-blood-type,https://old.reddit.com/r/tech/comments/1qz3n1m/breakthrough_scientists_created_a_universal/,1770539340
10,t3_1qyf0di,tech,techspot.com,This fusion energy startup thinks it can cut lasers out of the equation,AdSpecialist6598,450,28,https://www.techspot.com/news/111227-startup-thinks-can-cut-lasers-out-fusion-equation.html,https://old.reddit.com/r/tech/comments/1qyf0di/this_fusion_energy_startup_thinks_it_can_cut/,1770474083
11,t3_1qxil2p,tech,newatlas.com,Wood scraps turn 'useless' desert sand into concrete,AdSpecialist6598,798,100,https://newatlas.com/materials/wood-scraps-useless-desert-sand-concrete/,https://old.reddit.com/r/tech/comments/1qxil2p/wood_scraps_turn_useless_desert_sand_into_concrete/,1770386904
12,t3_1qwz2os,tech,popularmechanics.com,"People Could Be ‘Resurrected’ in Robotic Bodies One Day, Futurist Believes. Now He’s Taken the First Step.",_Dark_Wing,649,412,https://www.popularmechanics.com/science/a70187475/digital-life-after-death/,https://old.reddit.com/r/tech/comments/1qwz2os/people_could_be_resurrected_in_robotic_bodies_one/,1770328805
13,t3_1qyj2fh,tech,arstechnica.com,Sixteen Claude AI agents working together created a new C compiler,MetaKnowing,0,5,https://arstechnica.com/ai/2026/02/sixteen-claude-ai-agents-working-together-created-a-new-c-compiler/,https://old.reddit.com/r/tech/comments/1qyj2fh/sixteen_claude_ai_agents_working_together_created/,1770483716
14,t3_1qwmeyk,tech,newatlas.com,Microneedle patch uses bubbles to fight stubborn acne,AdSpecialist6598,398,17,https://newatlas.com/medical/microneedle-patch-bubbles-acne/,https://old.reddit.com/r/tech/comments/1qwmeyk/microneedle_patch_uses_bubbles_to_fight_stubborn/,1770300946
15,t3_1qwni2u,tech,wired.com,A New AI Math Startup Just Cracked 4 Previously Unsolved Problems,MetaKnowing,313,58,https://www.wired.com/story/a-new-ai-math-ai-startup-just-cracked-4-previously-unsolved-problems/,https://old.reddit.com/r/tech/comments/1qwni2u/a_new_ai_math_startup_just_cracked_4_previously/,1770303567
16,t3_1qvp4hl,tech,newatlas.com,Underwater 3D printing is edging in to transform maritime construction,AdSpecialist6598,707,29,https://newatlas.com/3d-printing/underwater-3d-printing-maritime-construction-darpa-cornell/,https://old.reddit.com/r/tech/comments/1qvp4hl/underwater_3d_printing_is_edging_in_to_transform/,1770213161
17,t3_1quuj34,tech,techspot.com,The Large Hadron Collider will now heat homes as well as smash particles,AdSpecialist6598,2025,93,https://www.techspot.com/news/111150-large-hadron-collider-now-heat-homes-well-smash.html,https://old.reddit.com/r/tech/comments/1quuj34/the_large_hadron_collider_will_now_heat_homes_as/,1770131611
18,t3_1qvy73x,tech,phys.org,AI model OpenScholar synthesizes scientific research and cites sources as accurately as human experts,paxinfernum,2,13,https://phys.org/news/2026-02-ai-openscholar-scientific-cites-sources.html,https://old.reddit.com/r/tech/comments/1qvy73x/ai_model_openscholar_synthesizes_scientific/,1770233179
19,t3_1qtr5ht,tech,scitechdaily.com,"Toxin Stops Colon Cancer Growth, Without Harming Healthy Tissue",_Dark_Wing,2542,42,https://scitechdaily.com/toxin-stops-colon-cancer-growth-without-harming-healthy-tissue/,https://old.reddit.com/r/tech/comments/1qtr5ht/toxin_stops_colon_cancer_growth_without_harming/,1770026928
20,t3_1qtwjfo,tech,techspot.com,Engineers just found a way to cool quantum systems using microwave noise,AdSpecialist6598,433,24,https://www.techspot.com/news/111144-engineers-found-way-cool-quantum-systems-using-microwave.html,https://old.reddit.com/r/tech/comments/1qtwjfo/engineers_just_found_a_way_to_cool_quantum/,1770042580
21,t3_1qszrap,tech,newatlas.com,New ultrasound pad aims to make prenatal visits less unpleasant,AdSpecialist6598,541,40,https://newatlas.com/medical-devices/sonogram-gel-pad/,https://old.reddit.com/r/tech/comments/1qszrap/new_ultrasound_pad_aims_to_make_prenatal_visits/,1769955850
22,t3_1qsqfpv,tech,scitechdaily.com,New Drug Stops Weight Gain and Lowers Cholesterol by Targeting Nitric Oxide,_Dark_Wing,799,74,https://scitechdaily.com/new-drug-stops-weight-gain-and-lowers-cholesterol-by-targeting-nitric-oxide/,https://old.reddit.com/r/tech/comments/1qsqfpv/new_drug_stops_weight_gain_and_lowers_cholesterol/,1769925899
23,t3_1qsf709,tech,nature.com,48 hours without lungs: artificial organ kept man alive until transplant,waozen,1008,35,https://www.nature.com/articles/d41586-026-00239-y,https://old.reddit.com/r/tech/comments/1qsf709/48_hours_without_lungs_artificial_organ_kept_man/,1769895729
24,t3_1qs4hg4,tech,newatlas.com,Hybrid jet engines work to excel where pure-electric jets fail,AdSpecialist6598,430,34,https://newatlas.com/aircraft/ge-megawatt-class-hybrid-electric-jet-engine/,https://old.reddit.com/r/tech/comments/1qs4hg4/hybrid_jet_engines_work_to_excel_where/,1769871488
25,t3_1qrata5,tech,newatlas.com,Chip stress-tests blood cells to see if donated blood is still good enough,AdSpecialist6598,574,20,https://newatlas.com/medical-devices/red-blood-test-acoustic-chip/,https://old.reddit.com/r/tech/comments/1qrata5/chip_stresstests_blood_cells_to_see_if_donated/,1769791813
26,t3_1qr22va,tech,livescience.com,"Days numbered for 'risky' lithium-ion batteries, scientists say, after fast-charging breakthrough in sodium-ion alternative",konsoru-paysan,32,4,https://www.livescience.com/technology/engineering/days-numbered-for-risky-lithium-ion-batteries-scientists-say-after-fast-charging-breakthrough-in-sodium-ion-alternative,https://old.reddit.com/r/tech/comments/1qr22va/days_numbered_for_risky_lithiumion_batteries/,1769769681
27,t3_1qq9h2y,tech,newatlas.com,Radio capsule lets doctors know when patients miss their meds,AdSpecialist6598,400,57,https://newatlas.com/medical-devices/mit-medication-compliance-capsule/,https://old.reddit.com/r/tech/comments/1qq9h2y/radio_capsule_lets_doctors_know_when_patients/,1769695605
28,t3_1qpok5x,tech,euronews.com,Scientists achieve pancreatic tumour regression in breakthrough study,waozen,2711,80,https://www.euronews.com/health/2026/01/28/scientists-achieve-pancreatic-tumour-regression-in-breakthrough-study,https://old.reddit.com/r/tech/comments/1qpok5x/scientists_achieve_pancreatic_tumour_regression/,1769635614
29,t3_1qq4imf,tech,phys.org,Unlocking defect-free graphene electrodes for transparent electronics,_Dark_Wing,164,4,https://phys.org/news/2026-01-defect-free-graphene-electrodes-transparent.html,https://old.reddit.com/r/tech/comments/1qq4imf/unlocking_defectfree_graphene_electrodes_for/,1769680679
30,t3_1qpyl7w,tech,sciencealert.com,Scientists Identify an Epigenetic Switch That Can Slow Production of Fat Cells,_Dark_Wing,89,4,https://www.sciencealert.com/scientists-identify-an-epigenetic-switch-that-can-slow-production-of-fat-cells,https://old.reddit.com/r/tech/comments/1qpyl7w/scientists_identify_an_epigenetic_switch_that_can/,1769660763
31,t3_1qpcts9,tech,techspot.com,A new chemical trick could extend lithium-ion battery life without redesigning cells,AdSpecialist6598,681,36,https://www.techspot.com/news/111080-new-chemical-trick-could-extend-lithium-ion-battery.html,https://old.reddit.com/r/tech/comments/1qpcts9/a_new_chemical_trick_could_extend_lithiumion/,1769610500
32,t3_1qpferj,tech,earth.com,Goodbye to fragile solar cells: New method makes them almost eternal,_Dark_Wing,102,2,https://www.earth.com/news/goodbye-to-fragile-solar-cells-new-method-makes-them-almost-eternal/,https://old.reddit.com/r/tech/comments/1qpferj/goodbye_to_fragile_solar_cells_new_method_makes/,1769616258
33,t3_1qofe50,tech,news.mit.edu,Electrifying boilers to decarbonize industry,AdSpecialist6598,524,53,https://news.mit.edu/2026/atmoszero-electrifies-boilers-to-decarbonize-industry-0121,https://old.reddit.com/r/tech/comments/1qofe50/electrifying_boilers_to_decarbonize_industry/,1769524250
34,t3_1qo12gu,tech,phys.org,Using amino acids as fuels to make conductive graphene,_Dark_Wing,428,5,https://phys.org/news/2026-01-amino-acids-fuels-graphene.html,https://old.reddit.com/r/tech/comments/1qo12gu/using_amino_acids_as_fuels_to_make_conductive/,1769480769
35,t3_1qoi3w1,tech,axios.com,Models that improve on their own are AI's next big thing,MetaKnowing,16,14,https://www.axios.com/2026/01/27/models-improve-ai,https://old.reddit.com/r/tech/comments/1qoi3w1/models_that_improve_on_their_own_are_ais_next_big/,1769530247
36,t3_1qnhauo,tech,newatlas.com,Gene editing takes a major step toward ending daily cholesterol pills,AdSpecialist6598,1405,66,https://newatlas.com/heart-disease/cholesterol-silencing-crispr/,https://old.reddit.com/r/tech/comments/1qnhauo/gene_editing_takes_a_major_step_toward_ending/,1769437251
37,t3_1qnk0ut,tech,tomshardware.com,China reveals 200-strong AI drone swarm that can be controlled by a single soldier — ‘intelligent algorithm’ allows individual units to cooperate autonomously even after losing communication with operator,MetaKnowing,440,53,https://www.tomshardware.com/tech-industry/china-reveals-200-strong-drone-swarm-uses-intelligent-algorithm-to-allow-individual-units-to-cooperate-autonomously-even-after-losing-communication-with-operator,https://old.reddit.com/r/tech/comments/1qnk0ut/china_reveals_200strong_ai_drone_swarm_that_can/,1769443272
38,t3_1qnleri,tech,scitechdaily.com,This Immune Therapy Repaired Gut Damage for a Full Year,_Dark_Wing,233,7,https://scitechdaily.com/this-immune-therapy-repaired-gut-damage-for-a-full-year/,https://old.reddit.com/r/tech/comments/1qnleri/this_immune_therapy_repaired_gut_damage_for_a/,1769446154
39,t3_1qmkylh,tech,techspot.com,UCLA engineers discover the most heat-conductive metal ever measured,AdSpecialist6598,1048,45,https://www.techspot.com/news/111037-ucla-engineers-discover-most-heat-conductive-metal-ever.html,https://old.reddit.com/r/tech/comments/1qmkylh/ucla_engineers_discover_the_most_heatconductive/,1769352375
40,t3_1qmmuvl,tech,phys.org,Stress-reduction molecule has potential to treat aging and metabolic disorders,_Dark_Wing,543,12,https://phys.org/news/2026-01-stress-reduction-molecule-potential-aging.html,https://old.reddit.com/r/tech/comments/1qmmuvl/stressreduction_molecule_has_potential_to_treat/,1769356683
41,t3_1qlo9ok,tech,techspot.com,Scientists print human liver tissue in breakthrough that could save lives,AdSpecialist6598,1763,73,https://www.techspot.com/news/111044-scientists-print-human-liver-tissue-breakthrough-could-save.html,https://old.reddit.com/r/tech/comments/1qlo9ok/scientists_print_human_liver_tissue_in/,1769264635
42,t3_1qlvhas,tech,sciencealert.com,Scientists May Have Found a Blueprint to Revive Old Cells,_Dark_Wing,68,1,https://www.sciencealert.com/scientists-may-have-found-a-blueprint-to-revive-old-cells,https://old.reddit.com/r/tech/comments/1qlvhas/scientists_may_have_found_a_blueprint_to_revive/,1769281051
43,t3_1ql87uu,tech,theguardian.com,New filtration technology could be gamechanger in removal of Pfas ‘forever chemicals’,_Dark_Wing,1195,66,https://www.theguardian.com/environment/2026/jan/23/pfas-forever-chemicals-filtration,https://old.reddit.com/r/tech/comments/1ql87uu/new_filtration_technology_could_be_gamechanger_in/,1769215061
44,t3_1qkrlsi,tech,techspot.com,This robotic hand can crawl away from its arm to grab things,AdSpecialist6598,377,41,https://www.techspot.com/news/111011-robotic-hand-can-crawl-away-arm-grab-things.html,https://old.reddit.com/r/tech/comments/1qkrlsi/this_robotic_hand_can_crawl_away_from_its_arm_to/,1769176940
45,t3_1ql2wxh,tech,scientificamerican.com,Why Apple and OpenAI are reportedly betting on AI hardware in 2026,scientificamerican,69,22,https://www.scientificamerican.com/article/why-apple-and-openai-are-reportedly-betting-on-ai-hardware-in-2026/,https://old.reddit.com/r/tech/comments/1ql2wxh/why_apple_and_openai_are_reportedly_betting_on_ai/,1769202232
46,t3_1ql8ewk,tech,news.uci.edu,UC Irvine engineers invent wireless transceiver rivaling fiber-optic speed,Harley109,22,2,https://news.uci.edu/2026/01/22/uc-irvine-engineers-invent-wireless-transceiver-rivaling-fiber-optic-speed/,https://old.reddit.com/r/tech/comments/1ql8ewk/uc_irvine_engineers_invent_wireless_transceiver/,1769215565
47,t3_1qkk54s,tech,interestingengineering.com,Billion-times more efficient fusion unlocked with low-frequency laser,_Dark_Wing,49,3,https://interestingengineering.com/energy/billion-times-more-efficient-fusion,https://old.reddit.com/r/tech/comments/1qkk54s/billiontimes_more_efficient_fusion_unlocked_with/,1769152181
48,t3_1qjwq10,tech,newatlas.com,Forestry-waste pine bark could be used to pull antibiotics out of wastewater,AdSpecialist6598,671,17,https://newatlas.com/environment/pine-bark-antibiotics-wastewater/,https://old.reddit.com/r/tech/comments/1qjwq10/forestrywaste_pine_bark_could_be_used_to_pull/,1769093935
49,t3_1qjtluw,tech,phys.org,Building the world's first open-source quantum computer,_Dark_Wing,713,17,https://phys.org/news/2026-01-world-source-quantum.html,https://old.reddit.com/r/tech/comments/1qjtluw/building_the_worlds_first_opensource_quantum/,1769085967
50,t3_1qiyvmy,tech,newatlas.com,Battlefield wound spray stops bleeding in just one second,AdSpecialist6598,1800,129,https://newatlas.com/medical-tech/battlefield-wound-spray/,https://old.reddit.com/r/tech/comments/1qiyvmy/battlefield_wound_spray_stops_bleeding_in_just/,1769004629
51,t3_1qj3ubg,tech,venturebeat.com,MIT’s new ‘recursive’ framework lets LLMs process 10 million tokens without context rot,MetaKnowing,144,10,https://venturebeat.com/orchestration/mits-new-recursive-framework-lets-llms-process-10-million-tokens-without,https://old.reddit.com/r/tech/comments/1qj3ubg/mits_new_recursive_framework_lets_llms_process_10/,1769015671
52,t3_1qiofgy,tech,scitechdaily.com,Scientists Discover the Body’s Natural “Off Switch” for Inflammation,_Dark_Wing,1191,113,https://scitechdaily.com/scientists-discover-the-bodys-natural-off-switch-for-inflammation/,https://old.reddit.com/r/tech/comments/1qiofgy/scientists_discover_the_bodys_natural_off_switch/,1768970556
53,t3_1qi5qap,tech,techradar.com,Magnets produced at room temperature using lasers could produce faster non-silicon processors,_Dark_Wing,614,20,https://www.techradar.com/pro/magnets-produced-at-room-temperature-using-lasers-could-one-day-produce-better-hdds-faster-non-silicon-processors-and-at-20nm-they-are-so-thin-that-they-could-be-used-almost-anywhere-even-in-the-human-body,https://old.reddit.com/r/tech/comments/1qi5qap/magnets_produced_at_room_temperature_using_lasers/,1768926490
54,t3_1qi1ui1,tech,techspot.com,Researchers build a stretchable OLED that can double in size without dimming,AdSpecialist6598,503,28,https://www.techspot.com/news/110973-researchers-build-stretchable-oled-can-double-size-without.html,https://old.reddit.com/r/tech/comments/1qi1ui1/researchers_build_a_stretchable_oled_that_can/,1768917645
55,t3_1qh5bqq,tech,news.mit.edu,A protein found in the GI tract can neutralize many bacteria,AdSpecialist6598,1010,16,https://news.mit.edu/2026/protein-found-gi-tract-can-neutralize-many-bacteria-0113,https://old.reddit.com/r/tech/comments/1qh5bqq/a_protein_found_in_the_gi_tract_can_neutralize/,1768832286
56,t3_1qg9dem,tech,news.mit.edu,Chemists determine the structure of the fuzzy coat that surrounds Tau proteins,AdSpecialist6598,768,35,https://news.mit.edu/2026/chemists-determine-structure-fuzzy-coat-surrounding-tau-proteins-0114,https://old.reddit.com/r/tech/comments/1qg9dem/chemists_determine_the_structure_of_the_fuzzy/,1768745003
57,t3_1qfejyt,tech,techspot.com,Scientists create a spray-on powder that seals life-threatening wounds in seconds,AdSpecialist6598,2090,132,https://www.techspot.com/news/110950-scientists-create-spray-powder-seals-life-threatening-wounds.html,https://old.reddit.com/r/tech/comments/1qfejyt/scientists_create_a_sprayon_powder_that_seals/,1768660012
58,t3_1qeg7uz,tech,news.mit.edu,Efficient cooling method could enable chip-based trapped-ion quantum computers,AdSpecialist6598,544,39,https://news.mit.edu/2026/efficient-cooling-method-could-enable-chip-based-quantum-computers-0115,https://old.reddit.com/r/tech/comments/1qeg7uz/efficient_cooling_method_could_enable_chipbased/,1768570828
59,t3_1qdkdz6,tech,newatlas.com,Could glowing green skin be an alternative to blood sampling?,AdSpecialist6598,451,57,https://newatlas.com/science/glowing-green-skin-blood-sampling-alternative/,https://old.reddit.com/r/tech/comments/1qdkdz6/could_glowing_green_skin_be_an_alternative_to/,1768485888
60,t3_1qeftaw,tech,techcrunch.com,AI models are starting to crack high-level math problems,MetaKnowing,0,6,https://techcrunch.com/2026/01/14/ai-models-are-starting-to-crack-high-level-math-problems/,https://old.reddit.com/r/tech/comments/1qeftaw/ai_models_are_starting_to_crack_highlevel_math/,1768569770
61,t3_1qcnwbl,tech,techspot.com,"Scientists develop nanophotonic material that changes color, texture, and shape on demand",AdSpecialist6598,1059,72,https://www.techspot.com/news/110898-scientists-develop-nanophotonic-material-changes-color-texture-shape.html,https://old.reddit.com/r/tech/comments/1qcnwbl/scientists_develop_nanophotonic_material_that/,1768398954
62,t3_1qbrxib,tech,newatlas.com,A single inflammatory switch may help repair the liver,AdSpecialist6598,916,43,https://newatlas.com/disease/single-inflammatory-switch-liver-repair/,https://old.reddit.com/r/tech/comments/1qbrxib/a_single_inflammatory_switch_may_help_repair_the/,1768312536
63,t3_1qavcqn,tech,techspot.com,These paper batteries made from plants want to replace AA and AAA cells,AdSpecialist6598,1348,72,https://www.techspot.com/news/110870-paper-batteries-made-plants-want-replace-aa-aaa.html,https://old.reddit.com/r/tech/comments/1qavcqn/these_paper_batteries_made_from_plants_want_to/,1768225738
64,t3_1qa1gn0,tech,newatlas.com,Spray-on armor for plants offers a new tool for global food security,AdSpecialist6598,651,100,https://newatlas.com/science/spray-on-armor-plants/,https://old.reddit.com/r/tech/comments/1qa1gn0/sprayon_armor_for_plants_offers_a_new_tool_for/,1768143665
65,t3_1q94q7g,tech,news.mit.edu,Pills that communicate from the stomach could improve medication adherence,AdSpecialist6598,673,61,https://news.mit.edu/2026/pills-communicate-from-stomach-could-improve-medication-adherence-0108,https://old.reddit.com/r/tech/comments/1q94q7g/pills_that_communicate_from_the_stomach_could/,1768053513
66,t3_1q89i6h,tech,news.mit.edu,AI-generated sensors open new paths for early cancer detection,AdSpecialist6598,408,92,https://news.mit.edu/2026/ai-generated-sensors-open-new-paths-early-cancer-detection-0106,https://old.reddit.com/r/tech/comments/1q89i6h/aigenerated_sensors_open_new_paths_for_early/,1767968482
67,t3_1q7bqpb,tech,newatlas.com,Experimental molecule may be a potent weapon against Alzheimer’s,AdSpecialist6598,1377,58,https://newatlas.com/brain/alzheimers-dementia/nu-9-molecule-weapon-against-alzheimers/,https://old.reddit.com/r/tech/comments/1q7bqpb/experimental_molecule_may_be_a_potent_weapon/,1767878784
68,t3_1q6g4an,tech,newatlas.com,AI co-pilot uses machine learning to reduce deadly sea collisions,AdSpecialist6598,388,53,https://newatlas.com/marine/smart-sea-machine-learning-sea-collisions/,https://old.reddit.com/r/tech/comments/1q6g4an/ai_copilot_uses_machine_learning_to_reduce_deadly/,1767794476
69,t3_1q7f4wz,tech,wired.com,AI Models Are Starting to Learn by Asking Themselves Questions,MetaKnowing,0,4,https://www.wired.com/story/ai-models-keep-learning-after-training-research/,https://old.reddit.com/r/tech/comments/1q7f4wz/ai_models_are_starting_to_learn_by_asking/,1767887067
70,t3_1q5jrtz,tech,newatlas.com,First US at-home depression kit on its way after trial shows relief in weeks,AdSpecialist6598,1183,251,https://newatlas.com/mental-health/fda-approves-device-depression/,https://old.reddit.com/r/tech/comments/1q5jrtz/first_us_athome_depression_kit_on_its_way_after/,1767709013
71,t3_1q4m09m,tech,newatlas.com,'Microneedling' of plants could boost growth and reduce fertilizer waste,AdSpecialist6598,917,41,https://newatlas.com/science/microneedle-biofertilizer-patch-plants/,https://old.reddit.com/r/tech/comments/1q4m09m/microneedling_of_plants_could_boost_growth_and/,1767620582
72,t3_1q3qapf,tech,newatlas.com,Nano-magnets may defeat bone cancer and help you heal,AdSpecialist6598,1081,43,https://newatlas.com/medical-tech/nano-magnets-defeat-bone-cancer-help-heal/,https://old.reddit.com/r/tech/comments/1q3qapf/nanomagnets_may_defeat_bone_cancer_and_help_you/,1767534294
73,t3_1q14jnt,tech,newatlas.com,How battery charging led to a breakthrough in lithium recycling,AdSpecialist6598,1396,27,https://newatlas.com/energy/battery-charging-lithium-recycling/,https://old.reddit.com/r/tech/comments/1q14jnt/how_battery_charging_led_to_a_breakthrough_in/,1767275157
74,t3_1q0dhrx,tech,newatlas.com,Injectable antibodies in nanoparticles could replace hour-long infusions,AdSpecialist6598,955,26,https://newatlas.com/medical-tech/injectable-antibodies-nanoparticles/,https://old.reddit.com/r/tech/comments/1q0dhrx/injectable_antibodies_in_nanoparticles_could/,1767189125
75,t3_1q1ym6n,tech,newatlas.com,Silicon 'postage stamp' implant instantly emails your thoughts to AI,AdSpecialist6598,0,44,https://newatlas.com/medical-devices/silicon-implant-emails-thoughts-ai/,https://old.reddit.com/r/tech/comments/1q1ym6n/silicon_postage_stamp_implant_instantly_emails/,1767360537
76,t3_1pzikee,tech,newatlas.com,Tiny under-scalp implant could restore lost senses through prostheses,AdSpecialist6598,633,31,https://newatlas.com/medical-devices/neuro-key-implant-restore-lost-senses/,https://old.reddit.com/r/tech/comments/1pzikee/tiny_underscalp_implant_could_restore_lost_senses/,1767102495
77,t3_1pyngm2,tech,news.mit.edu,Anything-goes “anyons” may be at the root of surprising quantum experiments,AdSpecialist6598,552,27,https://news.mit.edu/2025/anything-goes-anyons-may-be-root-surprising-quantum-experiments-1222,https://old.reddit.com/r/tech/comments/1pyngm2/anythinggoes_anyons_may_be_at_the_root_of/,1767018039
78,t3_1pxrv0j,tech,newatlas.com,Mosquitoes' stabby suckers may find use in high-res 3D printers,AdSpecialist6598,636,50,https://newatlas.com/3d-printing/mosquito-proboscis-ultra-fine-3d-printers/,https://old.reddit.com/r/tech/comments/1pxrv0j/mosquitoes_stabby_suckers_may_find_use_in_highres/,1766929985
79,t3_1pw4x86,tech,techspot.com,Magnetic cloaking is moving from theory to real-world engineering,AdSpecialist6598,1008,54,https://www.techspot.com/news/110709-magnetic-cloaking-moving-theory-real-world-engineering.html,https://old.reddit.com/r/tech/comments/1pw4x86/magnetic_cloaking_is_moving_from_theory_to/,1766757541
80,t3_1pvdysj,tech,newatlas.com,World's smallest autonomous robots could one day save your life,AdSpecialist6598,579,49,https://newatlas.com/robotics/world-smallest-autonomous-robots/,https://old.reddit.com/r/tech/comments/1pvdysj/worlds_smallest_autonomous_robots_could_one_day/,1766671232
81,t3_1puo9sj,tech,newatlas.com,'Stingraybot' uses microbubble muscles controlled by ultrasound,AdSpecialist6598,386,9,https://newatlas.com/robotics/stingraybot-microbubble-muscles-ultrasound/,https://old.reddit.com/r/tech/comments/1puo9sj/stingraybot_uses_microbubble_muscles_controlled/,1766585523
82,t3_1ptvjpf,tech,newatlas.com,AI-powered 'glasses' help the blind go places – safely,AdSpecialist6598,534,66,https://newatlas.com/wearables/dotlumen-ai-glasses-blind-independence/,https://old.reddit.com/r/tech/comments/1ptvjpf/aipowered_glasses_help_the_blind_go_places_safely/,1766500792
83,t3_1pt0kv0,tech,newatlas.com,Leaf-scan tells farmers when fruit is ripe – without destroying it,AdSpecialist6598,959,23,https://newatlas.com/science/leaf-scan-fruit-ripeness/,https://old.reddit.com/r/tech/comments/1pt0kv0/leafscan_tells_farmers_when_fruit_is_ripe_without/,1766412845
84,t3_1ps7gcz,tech,newatlas.com,No DNA evidence at crime scene? Protein analysis comes to the rescue,AdSpecialist6598,785,34,https://newatlas.com/science/hair-proteins-identify-forensics-dna-evidence-crime-proteomic-genotyping/,https://old.reddit.com/r/tech/comments/1ps7gcz/no_dna_evidence_at_crime_scene_protein_analysis/,1766326434
85,t3_1prfa9p,tech,newatlas.com,15-minute hep-C test makes same-day treatment possible,AdSpecialist6598,885,13,https://newatlas.com/infectious-diseases/ultrafast-hepatitis-c-test/,https://old.reddit.com/r/tech/comments/1prfa9p/15minute_hepc_test_makes_sameday_treatment/,1766240027
86,t3_1pqmdwz,tech,newatlas.com,Scientists find a way to 'reboot' vision in adults with lazy eye,AdSpecialist6598,1065,85,https://newatlas.com/medical/reboot-vision-adults-lazy-eye/,https://old.reddit.com/r/tech/comments/1pqmdwz/scientists_find_a_way_to_reboot_vision_in_adults/,1766154315
87,t3_1ppre9i,tech,newatlas.com,Helical rover wheel balloons from 9 to 20 inches & survives fire,AdSpecialist6598,384,11,https://newatlas.com/space/expanding-airless-wheel-fire-damage-resistance/,https://old.reddit.com/r/tech/comments/1ppre9i/helical_rover_wheel_balloons_from_9_to_20_inches/,1766066120
88,t3_1poxptt,tech,newatlas.com,Frog gut bacterium eliminates cancer tumors in mice with a single dose,AdSpecialist6598,3976,210,https://newatlas.com/cancer/frog-reptile-microbes-cancer/,https://old.reddit.com/r/tech/comments/1poxptt/frog_gut_bacterium_eliminates_cancer_tumors_in/,1765981245
89,t3_1po31w8,tech,newatlas.com,Futuristic pixel-raising display lets you feel what’s onscreen,AdSpecialist6598,636,71,https://newatlas.com/technology/optopixels-laser-graphite-screen-touch-feel/,https://old.reddit.com/r/tech/comments/1po31w8/futuristic_pixelraising_display_lets_you_feel/,1765894668
90,t3_1poa0sn,tech,oilprice.com,ExxonMobil Unveils Graphite Invention To Extend EV Battery Life By 30%,TomStockholm,35,1,https://oilprice.com/Latest-Energy-News/World-News/ExxonMobil-Unveils-Graphite-Invention-To-Extend-EV-Battery-Life-By-30.html,https://old.reddit.com/r/tech/comments/1poa0sn/exxonmobil_unveils_graphite_invention_to_extend/,1765910767
91,t3_1pn89ot,tech,news.mit.edu,A new way to deliver antibodies could make treatment much easier for patients,AdSpecialist6598,838,28,https://news.mit.edu/2025/new-way-deliver-antibodies-could-make-treatment-much-easier-1211,https://old.reddit.com/r/tech/comments/1pn89ot/a_new_way_to_deliver_antibodies_could_make/,1765807782
92,t3_1pmf21x,tech,newatlas.com,Radial-flux motors supercharge new hybrid supersonic engine design,AdSpecialist6598,473,21,https://newatlas.com/aircraft/radial-flux-hybrid-electric-supersonic-engine/,https://old.reddit.com/r/tech/comments/1pmf21x/radialflux_motors_supercharge_new_hybrid/,1765721726
93,t3_1plmu7w,tech,newatlas.com,ADHD 'audio shield' turns sounds from daily tasks into powerful focus tool,AdSpecialist6598,882,134,https://newatlas.com/adhd-autism/audio-shield-manage-adhd/,https://old.reddit.com/r/tech/comments/1plmu7w/adhd_audio_shield_turns_sounds_from_daily_tasks/,1765636647
94,t3_1pktgse,tech,techspot.com,California startup's new fire-suppression system uses sound instead of water,AdSpecialist6598,1122,71,https://www.techspot.com/news/110574-california-startup-new-fire-suppression-system-uses-sound.html,https://old.reddit.com/r/tech/comments/1pktgse/california_startups_new_firesuppression_system/,1765550256
95,t3_1pjydlg,tech,newatlas.com,Soft robots can now see with a self-focusing squishy eye,AdSpecialist6598,514,41,https://newatlas.com/robotics/physl-light-activated-soft-robotic-eye/,https://old.reddit.com/r/tech/comments/1pjydlg/soft_robots_can_now_see_with_a_selffocusing/,1765462048
96,t3_1pj47oh,tech,newatlas.com,Watch: Glowing tool seeks out DNA damage in real time,AdSpecialist6598,580,21,https://newatlas.com/imaging-diagnostics/dna-self-repair/,https://old.reddit.com/r/tech/comments/1pj47oh/watch_glowing_tool_seeks_out_dna_damage_in_real/,1765377555
97,t3_1pi9cns,tech,newatlas.com,"Pneumatic-suction robot clears 75,000 lb of cargo an hour",AdSpecialist6598,766,122,https://newatlas.com/robotics/mit-pickle-one-armed-warehouse-robot-suction-unloading/,https://old.reddit.com/r/tech/comments/1pi9cns/pneumaticsuction_robot_clears_75000_lb_of_cargo/,1765291843
98,t3_1phd3lf,tech,newatlas.com,Underwater arms race: How robot subs will outwit next-gen sonar,AdSpecialist6598,747,46,https://newatlas.com/military/robotic-submarines-noise-stealth/,https://old.reddit.com/r/tech/comments/1phd3lf/underwater_arms_race_how_robot_subs_will_outwit/,1765202428
99,t3_1pgjktv,tech,news.mit.edu,MIT researchers “speak objects into existence” using AI and robotics,AdSpecialist6598,618,107,https://news.mit.edu/2025/mit-researchers-speak-objects-existence-using-ai-robotics-1205,https://old.reddit.com/r/tech/comments/1pgjktv/mit_researchers_speak_objects_into_existence/,1765117551
100,t3_1pfqaa8,tech,newatlas.com,First-ever drug to repair DNA and regenerate damaged tissue is here,AdSpecialist6598,1968,83,https://newatlas.com/heart-disease/drug-dna-repair-heart/,https://old.reddit.com/r/tech/comments/1pfqaa8/firstever_drug_to_repair_dna_and_regenerate/,1765030462
101,t3_1pe22mw,tech,news.mit.edu,Noninvasive imaging could replace finger pricks for people with diabetes,AdSpecialist6598,989,80,https://news.mit.edu/2025/noninvasive-imaging-could-replace-finger-pricks-diabetes-1203,https://old.reddit.com/r/tech/comments/1pe22mw/noninvasive_imaging_could_replace_finger_pricks/,1764860210
102,t3_1pd5ufz,tech,newatlas.com,DragonFire laser weapon takes down high-speed drones,[deleted],1313,160,https://newatlas.com/military/dragonfire-laser-weapon-high-speed-drones/,https://old.reddit.com/r/tech/comments/1pd5ufz/dragonfire_laser_weapon_takes_down_highspeed/,1764772579
103,t3_1pd57e5,tech,newatlas.com,Bacteria used to make and dye fiber for clothing in the same vat,AdSpecialist6598,146,3,https://newatlas.com/environment/bacteria-make-dye-clothing-fiber-same-vat/,https://old.reddit.com/r/tech/comments/1pd57e5/bacteria_used_to_make_and_dye_fiber_for_clothing/,1764771092
104,t3_1pcaqfi,tech,newatlas.com,3D-printed cornea restores sight in a legally blind patient for the first time,AdSpecialist6598,2143,56,https://newatlas.com/medical/3d-printed-cornea-restores-sight-first-time/,https://old.reddit.com/r/tech/comments/1pcaqfi/3dprinted_cornea_restores_sight_in_a_legally/,1764687863
105,t3_1pbe7h2,tech,newatlas.com,Tuneable perovskite: A breakthrough in low-cost solar and laser materials,AdSpecialist6598,591,17,https://newatlas.com/energy/nanoscopic-layers-perovskites-lasers-solar-cells/,https://old.reddit.com/r/tech/comments/1pbe7h2/tuneable_perovskite_a_breakthrough_in_lowcost/,1764599403
106,t3_1pajpr5,tech,newatlas.com,Stretchy battery inspired by lemons improves voltage and cell life,AdSpecialist6598,530,26,https://newatlas.com/energy/lemons-kirigami-inspired-stretchy-biodegradable-battery-mcgill/,https://old.reddit.com/r/tech/comments/1pajpr5/stretchy_battery_inspired_by_lemons_improves/,1764513280
107,t3_1p8vofc,tech,newatlas.com,Lining pipes with lab-grown diamonds can keep them squeaky clean,AdSpecialist6598,1697,116,https://newatlas.com/materials/pipes-lab-grown-diamonds-anti-scaling/,https://old.reddit.com/r/tech/comments/1p8vofc/lining_pipes_with_labgrown_diamonds_can_keep_them/,1764338791
108,t3_1p83tf1,tech,newatlas.com,Simple solvent makes polycotton fabric completely recyclable,AdSpecialist6598,846,25,https://newatlas.com/environment/solvent-recycles-polyester-cotton-fabric/,https://old.reddit.com/r/tech/comments/1p83tf1/simple_solvent_makes_polycotton_fabric_completely/,1764254422
109,t3_1p78c7n,tech,newatlas.com,"3D-printable concrete alternative hardens in three days, not four weeks",AdSpecialist6598,1112,70,https://newatlas.com/materials/3d-printable-concrete-alternative/,https://old.reddit.com/r/tech/comments/1p78c7n/3dprintable_concrete_alternative_hardens_in_three/,1764165348
110,t3_1p6cm0a,tech,newatlas.com,A newly discovered 'pain switch' in our brains could unlock safer medications,AdSpecialist6598,1093,87,https://newatlas.com/medical/brain-pain-switch-enzyme-vlk-safer-medications/,https://old.reddit.com/r/tech/comments/1p6cm0a/a_newly_discovered_pain_switch_in_our_brains/,1764077790
111,t3_1p5jzqg,tech,newatlas.com,Turning fat cells into bone heals fractures and reverses frailty,AdSpecialist6598,1451,53,https://newatlas.com/aging/fat-bone-cells-heal-fractures/,https://old.reddit.com/r/tech/comments/1p5jzqg/turning_fat_cells_into_bone_heals_fractures_and/,1763998158
112,t3_1p4nev6,tech,arstechnica.com,AI trained on bacterial genomes produces never-before-seen proteins,MetaKnowing,1009,82,https://arstechnica.com/science/2025/11/generative-ai-meets-the-genome/,https://old.reddit.com/r/tech/comments/1p4nev6/ai_trained_on_bacterial_genomes_produces/,1763906424
113,t3_1p4nlj3,tech,newatlas.com,First totally synthetic human brain model has been realized,AdSpecialist6598,523,31,https://newatlas.com/medical/synthetic-human-brain-models/,https://old.reddit.com/r/tech/comments/1p4nlj3/first_totally_synthetic_human_brain_model_has/,1763906905
114,t3_1p3tb7w,tech,newatlas.com,"Milk protein put to use in spiciness-gauging ""artificial tongue""",AdSpecialist6598,418,13,https://newatlas.com/science/milk-protein-spiciness-gauging-artificial-tongue/,https://old.reddit.com/r/tech/comments/1p3tb7w/milk_protein_put_to_use_in_spicinessgauging/,1763818310
115,t3_1p2zi7q,tech,newatlas.com,Speech-restoring brain chip gets FDA approval for human trial,AdSpecialist6598,843,57,https://newatlas.com/medical-devices/human-trial-experimental-brain-chip-connexus/,https://old.reddit.com/r/tech/comments/1p2zi7q/speechrestoring_brain_chip_gets_fda_approval_for/,1763733990
116,t3_1p22lah,tech,newatlas.com,World first: Breath-saving exoskeleton turbocharges diver's kicks,AdSpecialist6598,811,31,https://newatlas.com/robotics/underwater-exoskeleton-divers/,https://old.reddit.com/r/tech/comments/1p22lah/world_first_breathsaving_exoskeleton_turbocharges/,1763643759
117,t3_1p18vm4,tech,news.mit.edu,A new take on carbon capture,AdSpecialist6598,178,56,https://news.mit.edu/2025/mantel-develops-new-take-carbon-capture-1119,https://old.reddit.com/r/tech/comments/1p18vm4/a_new_take_on_carbon_capture/,1763561906
118,t3_1p0da7j,tech,news.mit.edu,"Small, inexpensive hydrophone boosts undersea signals",AdSpecialist6598,176,5,https://news.mit.edu/2025/small-inexpensive-hydrophone-boosts-undersea-signals-1117,https://old.reddit.com/r/tech/comments/1p0da7j/small_inexpensive_hydrophone_boosts_undersea/,1763475902
119,t3_1oym5mb,tech,newatlas.com,"Natural compound rejuvenates aging cells in just 28 days | Researchers have demonstrated how consuming pomegranate and walnuts, can rejuvenate the immune system while shielding us from cell damage, inflammation and chronic diseases including cancer.",chrisdh79,1877,153,https://newatlas.com/diet-nutrition/anti-aging-compound-immune-cells/,https://old.reddit.com/r/tech/comments/1oym5mb/natural_compound_rejuvenates_aging_cells_in_just/,1763300853
120,t3_1oymihf,tech,newatlas.com,Turkey tail mushroom provides alternative to single-use plastic wrap,AdSpecialist6598,1094,45,https://newatlas.com/materials/turkey-tail-mushroom-mycelium-food-wrap-alternative/,https://old.reddit.com/r/tech/comments/1oymihf/turkey_tail_mushroom_provides_alternative_to/,1763301788
121,t3_1oy5ob7,tech,newatlas.com,"New nanoparticle mRNA vaccine may be cheaper and 100 times more powerful | Unit-per-unit, the experimental nanoparticle-enhanced mRNA vaccine reportedly does the work of a hundred times as much of its FDA-approved equivalent",chrisdh79,738,38,https://newatlas.com/medical-tech/nanoparticle-mrna-vaccine-cheaper-more-powerful/,https://old.reddit.com/r/tech/comments/1oy5ob7/new_nanoparticle_mrna_vaccine_may_be_cheaper_and/,1763247873
122,t3_1oxrrdk,tech,newatlas.com,Nuclear waste may hold the key to greener hydrogen production,AdSpecialist6598,905,31,https://newatlas.com/energy/nuclear-waste-green-hydrogen/,https://old.reddit.com/r/tech/comments/1oxrrdk/nuclear_waste_may_hold_the_key_to_greener/,1763213396
123,t3_1owxoyv,tech,news.mit.edu,MIT senior turns waste from the fishing industry into biodegradable plastic,AdSpecialist6598,1984,48,https://news.mit.edu/2025/mit-senior-turns-waste-from-fishing-industry-into-biodegradable-plastic-1112,https://old.reddit.com/r/tech/comments/1owxoyv/mit_senior_turns_waste_from_the_fishing_industry/,1763129904
124,t3_1ox1c7t,tech,newatlas.com,Revolutionary biofuel battery is inspired by human metabolism | Using glucose and riboflavin in the creation of a biofuel flow cell which functions similarly to a human cell.,chrisdh79,95,7,https://newatlas.com/energy/biofuel-battery-human-metabolism/,https://old.reddit.com/r/tech/comments/1ox1c7t/revolutionary_biofuel_battery_is_inspired_by/,1763138078
125,t3_1owvj8c,tech,newatlas.com,"Injectable weight-loss drug helps shift stubborn pounds post-surgery | When post-surgery weight loss is suboptimal, introducing one of the newer weight loss drugs can help",chrisdh79,62,38,https://newatlas.com/disease/liraglutide-post-bariatric-surgery/,https://old.reddit.com/r/tech/comments/1owvj8c/injectable_weightloss_drug_helps_shift_stubborn/,1763124323
126,t3_1ovyj9z,tech,newatlas.com,Natural molecule reverses memory loss seen in Alzheimer's disease | Scientists identify a new weapon in restoring memory to Alzheimer's disease patients,chrisdh79,2046,75,https://newatlas.com/brain/alzheimers-dementia/natural-molecule-restores-memory/,https://old.reddit.com/r/tech/comments/1ovyj9z/natural_molecule_reverses_memory_loss_seen_in/,1763032857
127,t3_1ow30qa,tech,news.mit.edu,New lightweight polymer film can prevent corrosion,AdSpecialist6598,132,5,https://news.mit.edu/2025/new-lightweight-polymer-film-can-prevent-corrosion-1112,https://old.reddit.com/r/tech/comments/1ow30qa/new_lightweight_polymer_film_can_prevent_corrosion/,1763045358
128,t3_1ow04l6,tech,newatlas.com,Interstellar-inspired TARS3D may be first such robot that both walks and rolls | Scientists have created a real-life functional version of the TARS robot from the movie Interstellar,chrisdh79,78,6,https://newatlas.com/robotics/interstellar-inspired-tars3d-robot/,https://old.reddit.com/r/tech/comments/1ow04l6/interstellarinspired_tars3d_may_be_first_such/,1763037975
129,t3_1ov3lkv,tech,newatlas.com,"MIT's injectable brain chips could treat disease without surgery | MIT's Circulatronics tech sees tiny chips injected into the bloodstream to reach the brain, negating the need for invasive surgery to deliver treatment for neurological disorders",chrisdh79,1132,109,https://newatlas.com/brain/mit-injectable-brain-chips-treat-disease/,https://old.reddit.com/r/tech/comments/1ov3lkv/mits_injectable_brain_chips_could_treat_disease/,1762949848
130,t3_1ov6kj6,tech,news.mit.edu,Teaching robots to map large environments,AdSpecialist6598,56,0,https://news.mit.edu/2025/teaching-robots-to-map-large-environments-1105,https://old.reddit.com/r/tech/comments/1ov6kj6/teaching_robots_to_map_large_environments/,1762957640
131,t3_1ou7znr,tech,newatlas.com,One-off lipid-lowering gene therapy a success in world-first human trial | A new gene therapy lowered two heart disease-related lipids in a human clinical trial,chrisdh79,807,10,https://newatlas.com/medical-tech/gene-therapy-ctx310-ldl-cholesterol-triglycerides/,https://old.reddit.com/r/tech/comments/1ou7znr/oneoff_lipidlowering_gene_therapy_a_success_in/,1762863588
132,t3_1ou80lz,tech,news.mit.edu,MIT physicists observe key evidence of unconventional superconductivity in magic-angle graphene,chrisdh79,796,50,https://news.mit.edu/2025/physicists-observe-evidence-unconventional-superconductivity-graphene-1106,https://old.reddit.com/r/tech/comments/1ou80lz/mit_physicists_observe_key_evidence_of/,1762863670
133,t3_1ouafw0,tech,news.mit.edu,A new way to understand and predict gene splicing,AdSpecialist6598,126,2,https://news.mit.edu/2025/katmap-new-way-to-understand-predict-gene-splicing-1104,https://old.reddit.com/r/tech/comments/1ouafw0/a_new_way_to_understand_and_predict_gene_splicing/,1762870305
134,t3_1ote4b3,tech,news.mit.edu,A new patch could help to heal the heart,AdSpecialist6598,417,18,https://news.mit.edu/2025/new-patch-could-help-heal-heart-1104,https://old.reddit.com/r/tech/comments/1ote4b3/a_new_patch_could_help_to_heal_the_heart/,1762782242
135,t3_1osjwmp,tech,newatlas.com,Smart dressings and stem cells: The future of wound healing | Researchers have compared newer wound-healing tech to conventional therapies and dressings,chrisdh79,513,8,https://newatlas.com/medical-tech/next-generation-wound-healing/,https://old.reddit.com/r/tech/comments/1osjwmp/smart_dressings_and_stem_cells_the_future_of/,1762696331
136,t3_1osl0gs,tech,news.mit.edu,New therapeutic brain implants could defy the need for surgery,AdSpecialist6598,389,11,https://news.mit.edu/2025/new-therapeutic-brain-implants-defy-surgery-need-1105,https://old.reddit.com/r/tech/comments/1osl0gs/new_therapeutic_brain_implants_could_defy_the/,1762699205
137,t3_1osjysu,tech,news.mit.edu,"Giving buildings an “MRI” to make them more energy-efficient and resilient | Lamarr.AI uses drones, thermal imaging, and AI to help property owners make targeted investments in their buildings.",chrisdh79,294,24,https://news.mit.edu/2025/lamarrai-giving-buildings-mri-to-make-them-more-energy-efficient-resilient-1107,https://old.reddit.com/r/tech/comments/1osjysu/giving_buildings_an_mri_to_make_them_more/,1762696490
138,t3_1orpz0n,tech,news.mit.edu,Particles that enhance mRNA delivery could reduce vaccine dosage and costs,chrisdh79,1175,43,https://news.mit.edu/2025/particles-enhance-mrna-delivery-could-reduce-vaccine-dosage-costs-1107,https://old.reddit.com/r/tech/comments/1orpz0n/particles_that_enhance_mrna_delivery_could_reduce/,1762610015
139,t3_1orqtni,tech,news.mit.edu,MIT study finds targets for a new tuberculosis vaccine,AdSpecialist6598,829,32,https://news.mit.edu/2025/mit-study-finds-targets-new-tuberculosis-vaccine-1105,https://old.reddit.com/r/tech/comments/1orqtni/mit_study_finds_targets_for_a_new_tuberculosis/,1762612270
140,t3_1orhdth,tech,newatlas.com,SpaceX reveals simpler lander to speed up Moon return,chrisdh79,117,32,https://newatlas.com/space/spacex-simpler-lander-moon-return/,https://old.reddit.com/r/tech/comments/1orhdth/spacex_reveals_simpler_lander_to_speed_up_moon/,1762580217
141,t3_1or1vt6,tech,cnn.com,"Students built a robot that can withstand more than 1,000 degrees Fahrenheit",cnn,858,67,https://www.cnn.com/world/firebot-robot-texas-spc?utm_medium=social&utm_campaign=missions&utm_source=reddit,https://old.reddit.com/r/tech/comments/1or1vt6/students_built_a_robot_that_can_withstand_more/,1762539428
142,t3_1oqupu3,tech,techspot.com,A Neuralink patient with ALS is using his brain implant to control a camera and look around again,AdSpecialist6598,876,51,https://www.techspot.com/news/110162-als-patient-sees-whole-new-way-thanks-neuralink.html,https://old.reddit.com/r/tech/comments/1oqupu3/a_neuralink_patient_with_als_is_using_his_brain/,1762522901
143,t3_1opviil,tech,nature.com,‘Mind-captioning’ AI decodes brain activity to turn thoughts into text,MetaKnowing,972,209,https://www.nature.com/articles/d41586-025-03624-1,https://old.reddit.com/r/tech/comments/1opviil/mindcaptioning_ai_decodes_brain_activity_to_turn/,1762425272
144,t3_1opzkar,tech,newatlas.com,3D-object-making machine forgoes printing for knitting,AdSpecialist6598,217,12,https://newatlas.com/3d-printing/3d-knitting-machine/,https://old.reddit.com/r/tech/comments/1opzkar/3dobjectmaking_machine_forgoes_printing_for/,1762437335
145,t3_1oozy3b,tech,wired.com,A New Light-Based Cancer Treatment Kills Tumor Cells and Spares Healthy Ones,waozen,1774,57,https://www.wired.com/story/a-new-light-based-cancer-treatment-kills-tumor-cells-and-spares-healthy-ones/,https://old.reddit.com/r/tech/comments/1oozy3b/a_new_lightbased_cancer_treatment_kills_tumor/,1762340731
146,t3_1op363o,tech,newatlas.com,Simple saliva test catches heart failure before you know you have it,AdSpecialist6598,905,33,https://newatlas.com/heart-disease/simple-saliva-test-heart-failure/,https://old.reddit.com/r/tech/comments/1op363o/simple_saliva_test_catches_heart_failure_before/,1762350078
147,t3_1oo8t1s,tech,newatlas.com,Designer drug targets both heart disease and diabetes,AdSpecialist6598,1254,56,https://newatlas.com/disease/ic7fc-experimental-treatment-heart-disease-diabetes/,https://old.reddit.com/r/tech/comments/1oo8t1s/designer_drug_targets_both_heart_disease_and/,1762267035
148,t3_1ond2wz,tech,news.mit.edu,"Designing better, longer-lasting medicines",AdSpecialist6598,296,8,https://news.mit.edu/2025/designing-better-longer-lasting-medicines-1028,https://old.reddit.com/r/tech/comments/1ond2wz/designing_better_longerlasting_medicines/,1762179839
149,t3_1omhwkm,tech,newatlas.com,Biochips made from mushrooms rival power of manmade semiconductors,AdSpecialist6598,1292,88,https://newatlas.com/computers/mushroom-memristors-computing/,https://old.reddit.com/r/tech/comments/1omhwkm/biochips_made_from_mushrooms_rival_power_of/,1762091791
150,t3_1okucbg,tech,news.mit.edu,New nanoparticles stimulate the immune system to attack ovarian tumors,AdSpecialist6598,1730,15,https://news.mit.edu/2025/new-nanoparticles-stimulate-immune-system-attack-ovarian-tumors-1031,https://old.reddit.com/r/tech/comments/1okucbg/new_nanoparticles_stimulate_the_immune_system_to/,1761916627
151,t3_1oj4pzt,tech,newatlas.com,Fat breakdown fuels new hair growth in breakthrough study,AdSpecialist6598,1356,91,https://newatlas.com/health-wellbeing/hair-serum-skin-regrowing-hair/,https://old.reddit.com/r/tech/comments/1oj4pzt/fat_breakdown_fuels_new_hair_growth_in/,1761744965
152,t3_1oi8wdr,tech,newatlas.com,Swiss smart socks help diabetics feel their feet again,AdSpecialist6598,730,20,https://newatlas.com/diabetes/smart-socks-diabetics-feel-feet/,https://old.reddit.com/r/tech/comments/1oi8wdr/swiss_smart_socks_help_diabetics_feel_their_feet/,1761656902
153,t3_1ogkg1j,tech,newatlas.com,New Space Armor shields satellites from hypersonic space debris,AdSpecialist6598,959,51,https://newatlas.com/space/space-armor-protects-satellites-hypersonic-threats/,https://old.reddit.com/r/tech/comments/1ogkg1j/new_space_armor_shields_satellites_from/,1761484812
154,t3_1ofs1gu,tech,scitechdaily.com,Forensics’ “Holy Grail”: New Test Recovers Fingerprints From Ammunition Casing,ourlifeintoronto,886,102,https://scitechdaily.com/forensics-holy-grail-new-test-recovers-fingerprints-from-ammunition-casing/,https://old.reddit.com/r/tech/comments/1ofs1gu/forensics_holy_grail_new_test_recovers/,1761400216
155,t3_1ofqd2z,tech,news.mit.edu,Startup’s tablets deliver cancer drugs more evenly over time,AdSpecialist6598,465,15,https://news.mit.edu/2025/startups-tablets-deliver-cancer-drugs-more-evenly-over-time-1023,https://old.reddit.com/r/tech/comments/1ofqd2z/startups_tablets_deliver_cancer_drugs_more_evenly/,1761395541
156,t3_1ofezo6,tech,gizmodo.com,Miami Has a New Cop on the Beat: A Drone-Launching Police Car That Can Drive Itself,seeebiscuit,341,64,https://gizmodo.com/miami-has-a-new-cop-on-the-beat-a-drone-launching-police-car-that-can-drive-itself-2000673605,https://old.reddit.com/r/tech/comments/1ofezo6/miami_has_a_new_cop_on_the_beat_a_dronelaunching/,1761355379
157,t3_1oex8bb,tech,newatlas.com,Pioneering eye implant restores reading vision to the blind,AdSpecialist6598,850,18,https://newatlas.com/medical-devices/eye-implant-restores-vision/,https://old.reddit.com/r/tech/comments/1oex8bb/pioneering_eye_implant_restores_reading_vision_to/,1761311144
158,t3_1oexycx,tech,spectrum.ieee.org,Real-Time Audio Deepfakes Are Now a Reality | A cybersecurity firm has created convincing voices on the fly,MetaKnowing,230,22,https://spectrum.ieee.org/real-time-audio-deepfake-vishing,https://old.reddit.com/r/tech/comments/1oexycx/realtime_audio_deepfakes_are_now_a_reality_a/,1761312990
159,t3_1oe2ib9,tech,newatlas.com,Bowel cancer’s “sugar shield” removed to reawaken immune defenses,AdSpecialist6598,1040,40,https://newatlas.com/disease/colorectal-cancer-sialylation-immune-defense/,https://old.reddit.com/r/tech/comments/1oe2ib9/bowel_cancers_sugar_shield_removed_to_reawaken/,1761224087
160,t3_1oe4r3q,tech,businessinsider.com,A new autonomous fighter jet just broke cover. It's powered by the same AI brain that flew an F-16 through a dogfight.,MetaKnowing,479,55,https://www.businessinsider.com/shield-ai-new-aircraft-x-bat-autonomy-2025-10,https://old.reddit.com/r/tech/comments/1oe4r3q/a_new_autonomous_fighter_jet_just_broke_cover_its/,1761229709
161,t3_1odbuvo,tech,cnn.com,App that translates speech to sign language in real-time wins top innovation prize,cnn,2017,94,https://www.cnn.com/world/africa/speech-to-sign-language-app-wins-africa-innovation-prize-spc?utm_medium=social&utm_campaign=missions&utm_source=reddit,https://old.reddit.com/r/tech/comments/1odbuvo/app_that_translates_speech_to_sign_language_in/,1761147867
162,t3_1od780y,tech,newatlas.com,IBS breakthrough: Serotonin-making gut bugs restore bowel function,AdSpecialist6598,1999,111,https://newatlas.com/health-wellbeing/serotonin-gut-bacteria-ibs/,https://old.reddit.com/r/tech/comments/1od780y/ibs_breakthrough_serotoninmaking_gut_bugs_restore/,1761137010
163,t3_1oexxcb,tech,techxplore.com,AI teaches itself and outperforms human-designed algorithms,MetaKnowing,0,3,https://techxplore.com/news/2025-10-ai-outperforms-human-algorithms.html,https://old.reddit.com/r/tech/comments/1oexxcb/ai_teaches_itself_and_outperforms_humandesigned/,1761312917
164,t3_1obhtwa,tech,newatlas.com,Cancer drug combo slashes risk of death by more than 40%,AdSpecialist6598,2632,64,https://newatlas.com/cancer/prostate-cancer-drug-combo/,https://old.reddit.com/r/tech/comments/1obhtwa/cancer_drug_combo_slashes_risk_of_death_by_more/,1760963660
165,t3_1oaotd7,tech,newatlas.com,Sake to the stars: Japan’s lunar brewing experiment set for takeoff,AdSpecialist6598,466,11,https://newatlas.com/space/brewing-space-sake-moon/,https://old.reddit.com/r/tech/comments/1oaotd7/sake_to_the_stars_japans_lunar_brewing_experiment/,1760878169
166,t3_1o9xy5p,tech,newatlas.com,Ulcer-treating device is like a little pen that you swallow,AdSpecialist6598,498,15,https://newatlas.com/medical-devices/meds-ulcer-treating-device/,https://old.reddit.com/r/tech/comments/1o9xy5p/ulcertreating_device_is_like_a_little_pen_that/,1760799316
167,t3_1o90ynn,tech,newatlas.com,95% of kids with “bubble boy” disease cured by one-time gene therapy,AdSpecialist6598,2949,78,https://newatlas.com/disease/ada-scid-gene-therapy-cure/,https://old.reddit.com/r/tech/comments/1o90ynn/95_of_kids_with_bubble_boy_disease_cured_by/,1760706765
168,t3_1o861b4,tech,newatlas.com,New approach shields memory from brain cancer radiotherapy,AdSpecialist6598,901,11,https://newatlas.com/medical-tech/radiation-induced-brain-injury-complement-system/,https://old.reddit.com/r/tech/comments/1o861b4/new_approach_shields_memory_from_brain_cancer/,1760620985
169,t3_1o7adwi,tech,news.mit.edu,Helping scientists run complex data analyses without writing code,AdSpecialist6598,337,18,https://news.mit.edu/2025/helping-scientists-run-complex-data-analyses-without-writing-code-1014,https://old.reddit.com/r/tech/comments/1o7adwi/helping_scientists_run_complex_data_analyses/,1760533339
170,t3_1o6eogc,tech,newatlas.com,Two-pronged approach cuts sleep apnea events by 68%,AdSpecialist6598,1084,175,https://newatlas.com/health-wellbeing/obstructive-sleep-apnea-oxygen-and-mad/,https://old.reddit.com/r/tech/comments/1o6eogc/twopronged_approach_cuts_sleep_apnea_events_by_68/,1760446392
171,t3_1o5j1j1,tech,newatlas.com,Naked mole-rat DNA repair could unlock natural human longevity,AdSpecialist6598,1079,98,https://newatlas.com/aging/naked-mole-rat-longevity/,https://old.reddit.com/r/tech/comments/1o5j1j1/naked_molerat_dna_repair_could_unlock_natural/,1760360412
172,t3_1o4p02i,tech,news.mit.edu,Engineered “natural killer” cells could help fight cancer,AdSpecialist6598,1125,53,https://news.mit.edu/2025/engineered-natural-killer-cells-could-help-fight-cancer-1008,https://old.reddit.com/r/tech/comments/1o4p02i/engineered_natural_killer_cells_could_help_fight/,1760275487
173,t3_1o3vw6e,tech,newatlas.com,Forged in disorder: High-entropy MXenes emerge as a new material,AdSpecialist6598,315,17,https://newatlas.com/materials/high-entropy-mxenes-new-material/,https://old.reddit.com/r/tech/comments/1o3vw6e/forged_in_disorder_highentropy_mxenes_emerge_as_a/,1760189949
174,t3_1o2zyym,tech,newatlas.com,Next-gen vaccine prevents up to 88% of multiple aggressive cancers,AdSpecialist6598,4211,171,https://newatlas.com/disease/dual-adjuvant-nanoparticle-vaccine-aggressive-cancers/,https://old.reddit.com/r/tech/comments/1o2zyym/nextgen_vaccine_prevents_up_to_88_of_multiple/,1760100517
175,t3_1o24xx8,tech,newatlas.com,New daily pill shows strong results in ulcerative colitis clinical trial,AdSpecialist6598,1009,54,https://newatlas.com/disease/obefazimod-daily-pill-ulcerative-colitis-clinical-trial/,https://old.reddit.com/r/tech/comments/1o24xx8/new_daily_pill_shows_strong_results_in_ulcerative/,1760013922
176,t3_1o1ahsj,tech,newatlas.com,'Breakthrough' blood test detects chronic fatigue in 92% of cases,AdSpecialist6598,2055,118,https://newatlas.com/imaging-diagnostics/chronic-fatigue-accurate-blood-test/,https://old.reddit.com/r/tech/comments/1o1ahsj/breakthrough_blood_test_detects_chronic_fatigue/,1759930057
177,t3_1o0i23l,tech,nature.com,"New sunlight-powered film kills 99.995% bacteria to provide safe drinking water | It offers a simple, affordable, and robust solution to the global safe drinking water crisis.",chrisdh79,1307,50,https://www.nature.com/articles/s44221-025-00500-0,https://old.reddit.com/r/tech/comments/1o0i23l/new_sunlightpowered_film_kills_99995_bacteria_to/,1759851117
178,t3_1o0dk1n,tech,news.mit.edu,"Printable aluminum alloy sets strength records, may enable lighter aircraft parts",AdSpecialist6598,577,12,https://news.mit.edu/2025/printable-aluminum-alloy-sets-strength-records-may-enable-lighter-aircraft-parts-1007,https://old.reddit.com/r/tech/comments/1o0dk1n/printable_aluminum_alloy_sets_strength_records/,1759840577
179,t3_1o0b42k,tech,techspot.com,Tiny lab-grown brains could help build the next generation of computers | Biocomputing has left the realm of science fiction and entered the laboratory,chrisdh79,284,70,https://www.techspot.com/news/109753-tiny-lab-grown-brains-could-help-build-next.html,https://old.reddit.com/r/tech/comments/1o0b42k/tiny_labgrown_brains_could_help_build_the_next/,1759833300
180,t3_1nzmd2l,tech,newatlas.com,"Ocean CO2 becomes sustainable plastic, thanks to modified microbes | Turning dissolved carbon dioxide from seawater to biodegradable plastic is an especially powerful way to clean up the ocean",chrisdh79,993,38,https://newatlas.com/environment/ocean-co2-sustainable-plastic-doc/,https://old.reddit.com/r/tech/comments/1nzmd2l/ocean_co2_becomes_sustainable_plastic_thanks_to/,1759764830
181,t3_1nzfaht,tech,newatlas.com,"'Sugar switch' in the brain offers new path to treating depression | Removing the St3gal1 enzyme in healthy mice caused depressive symptoms, increasing St3gal1 in stressed mice had the opposite effect, easing those behaviors.",chrisdh79,710,39,https://newatlas.com/mental-health/brain-sugars-depression/,https://old.reddit.com/r/tech/comments/1nzfaht/sugar_switch_in_the_brain_offers_new_path_to/,1759746321
182,t3_1nzfgso,tech,news.mit.edu,Chemists create red fluorescent dyes that may enable clearer biomedical imaging | The new dyes are based on boron-containing molecules that were previously too unstable for practical use.,chrisdh79,433,8,https://news.mit.edu/2025/chemists-create-red-fluorescent-dyes-may-enable-clearer-biomedical-imaging-1006,https://old.reddit.com/r/tech/comments/1nzfgso/chemists_create_red_fluorescent_dyes_that_may/,1759746950
183,t3_1nzfpoi,tech,spectrum.ieee.org,How Wi-Fi Signals Can Be Used to Detect Your Heartbeat | Contactless pulse monitoring opens up new wearable possibilities,chrisdh79,206,10,https://spectrum.ieee.org/wi-fi-signal-heartbeat-detection,https://old.reddit.com/r/tech/comments/1nzfpoi/how_wifi_signals_can_be_used_to_detect_your/,1759747806
184,t3_1nzfd73,tech,newatlas.com,"Smart in-asphalt fabric provides live reports from within roads | Once embedded in the asphalt, the sensor fabric’s job is to provide continuous measurements",chrisdh79,93,3,https://newatlas.com/good-thinking/electronic-fabric-asphalt-roads/,https://old.reddit.com/r/tech/comments/1nzfd73/smart_inasphalt_fabric_provides_live_reports_from/,1759746598
185,t3_1nynmwe,tech,newatlas.com,Psychedelic DMT shows promise as breakthrough stroke treatment,AdSpecialist6598,1731,128,https://newatlas.com/disease/dmt-stroke-treatment-brain-inflammation-recovery/,https://old.reddit.com/r/tech/comments/1nynmwe/psychedelic_dmt_shows_promise_as_breakthrough/,1759669365
186,t3_1nxscj6,tech,newatlas.com,"A groundbreaking study has revealed that your mom and dad’s DNA don’t just pass on telomere length, they actively reshape it in the first days of life, influencing how we age and our risk of developing diseases such as cancer.",chrisdh79,1351,73,https://newatlas.com/health-wellbeing/parental-dna-telomere-length-offspring/,https://old.reddit.com/r/tech/comments/1nxscj6/a_groundbreaking_study_has_revealed_that_your_mom/,1759579994
187,t3_1nxv83p,tech,newatlas.com,Parachutes with hundreds of holes could enable safer drone deliveries,AdSpecialist6598,226,32,https://newatlas.com/drones/parachute-holes-kirigami-airdrops-drone-deliveries/,https://old.reddit.com/r/tech/comments/1nxv83p/parachutes_with_hundreds_of_holes_could_enable/,1759587550
188,t3_1nwzuea,tech,newatlas.com,NASA moon rover project pushes extreme battery tech to its limits,AdSpecialist6598,586,7,https://newatlas.com/space/gm-battery-tech-lunar-rover/,https://old.reddit.com/r/tech/comments/1nwzuea/nasa_moon_rover_project_pushes_extreme_battery/,1759499730
189,t3_1nwvnsp,tech,newatlas.com,Next-gen imaging tech could catch sight-stealing diseases early | A powerful new imaging tool offers unprecedented 3D vision of the retina,chrisdh79,420,7,https://newatlas.com/medical-tech/dual-imaging-technology-retinal-oxygen-metabolism/,https://old.reddit.com/r/tech/comments/1nwvnsp/nextgen_imaging_tech_could_catch_sightstealing/,1759488230
190,t3_1nw5nqm,tech,newatlas.com,"MIT's concrete battery just got 10 times more powerful | Researchers found a way to combine cement, water, and carbon black to create a 'supercapacitor', expanding the storage capacity by nearly 10 times.",chrisdh79,1045,49,https://newatlas.com/energy/mit-concrete-battery-powerful-supercapacitor/,https://old.reddit.com/r/tech/comments/1nw5nqm/mits_concrete_battery_just_got_10_times_more/,1759416078
191,t3_1nvzkbv,tech,newatlas.com,"Notorious Alzheimer’s protein also supercharges cells against cancer | Scientists have found that a byproduct of amyloid-beta rejuvenates T cells, boosting their tumor-fighting power and dramatically reducing cancer risk.",chrisdh79,1291,56,https://newatlas.com/disease/amyloid-beta-protein-t-cells-mitophagy-cancer/,https://old.reddit.com/r/tech/comments/1nvzkbv/notorious_alzheimers_protein_also_supercharges/,1759399050
192,t3_1nw0fgn,tech,news.mit.edu,"Palladium filters could enable cheaper, more efficient generation of hydrogen fuel | The novel design allows the membranes to withstand high temperatures when separating hydrogen from gas mixtures.",chrisdh79,169,15,https://news.mit.edu/2025/palladium-filters-could-enable-cheaper-more-efficient-generation-hydrogen-fuel-1001,https://old.reddit.com/r/tech/comments/1nw0fgn/palladium_filters_could_enable_cheaper_more/,1759402086
193,t3_1nw2k8b,tech,newatlas.com,This chip uses light to supercharge AI and cut energy use,AdSpecialist6598,88,4,https://newatlas.com/materials/light-based-chip-ai-power-efficiency/,https://old.reddit.com/r/tech/comments/1nw2k8b/this_chip_uses_light_to_supercharge_ai_and_cut/,1759408554
194,t3_1nvjz4n,tech,newatlas.com,"Edible sensor warns of flu by tasting like thyme | The molecular sensor contains a phenolic compound called thymol, which is found in thyme",chrisdh79,645,27,https://newatlas.com/infectious-diseases/edible-flu-sensor-tastes-like-thyme/,https://old.reddit.com/r/tech/comments/1nvjz4n/edible_sensor_warns_of_flu_by_tasting_like_thyme/,1759351458
195,t3_1nv7jq1,tech,newatlas.com,Artificial neuron melds electronics and biology to function like the real thing,AdSpecialist6598,500,43,https://newatlas.com/medical-tech/artificial-neuron-mimic-reality-bioelectronics/,https://old.reddit.com/r/tech/comments/1nv7jq1/artificial_neuron_melds_electronics_and_biology/,1759323628
196,t3_1nv6bxv,tech,techspot.com,Oak Ridge's new 3D printer can mix and match materials at massive scale | Scientists unveil multiplexed nozzle for next-generation 3D printing,chrisdh79,566,20,https://www.techspot.com/news/109690-oak-ridge-new-3d-printer-can-mix-match.html,https://old.reddit.com/r/tech/comments/1nv6bxv/oak_ridges_new_3d_printer_can_mix_and_match/,1759320288
197,t3_1nuwsa7,tech,news.mit.edu,Study finds key role for non-neural brain cells in processing vision | MIT researchers employed a novel application of tools and analysis to show that astrocytes ensure neural information processing by maintaining ambient levels of the neurotransmitter chemical GABA.,chrisdh79,446,26,https://news.mit.edu/2025/study-finds-key-role-non-neural-brain-cells-processing-vision-0930,https://old.reddit.com/r/tech/comments/1nuwsa7/study_finds_key_role_for_nonneural_brain_cells_in/,1759286565
198,t3_1nuce6u,tech,newatlas.com,"Spider-like construction robot promises to build a home per day | Being autonomously capable of building a 2,150-sq-ft home in a single day – operating at roughly the speed of 100 bricklayers.",chrisdh79,884,124,https://newatlas.com/robotics/crest-earthbuilt-charlotte-construction-robot/,https://old.reddit.com/r/tech/comments/1nuce6u/spiderlike_construction_robot_promises_to_build_a/,1759236805
199,t3_1nucil7,tech,news.mit.edu,A boost for the precision of genome editing,AdSpecialist6598,133,1,https://news.mit.edu/2025/boost-precision-genome-editing-0820,https://old.reddit.com/r/tech/comments/1nucil7/a_boost_for_the_precision_of_genome_editing/,1759237134
200,t3_1ntgxhg,tech,newatlas.com,"Low-dose radiation relieves knee osteoarthritis pain, improves function",AdSpecialist6598,1149,96,https://newatlas.com/disease/knee-osteoarthritis-low-dose-radiation-clinical-trial/,https://old.reddit.com/r/tech/comments/1ntgxhg/lowdose_radiation_relieves_knee_osteoarthritis/,1759149617
